{
  "project_info": {
    "project_number": "759457148655",
    "firebase_url": "https://acceler8-6d380.firebaseio.com",
    "project_id": "acceler8-6d380",
    "storage_bucket": "acceler8-6d380.appspot.com"
  },
  "client": [
    {
      "client_info": {
        "mobilesdk_app_id": "1:759457148655:android:cffef94d6c0bbd9e",
        "android_client_info": {
          "package_name": "com.example.cobt2.finalyearproject"
        }
      },
      "oauth_client": [
        {
          "client_id": "759457148655-1f38imgqttj6evemgfs7hlh82qri77ka.apps.googleusercontent.com",
          "client_type": 1,
          "android_info": {
            "package_name": "com.example.cobt2.finalyearproject",
            "certificate_hash": "b5e02f6b04000b61adc12bac446f8cde8ed89b64"
          }
        },
        {
          "client_id": "759457148655-960rgms5ov9564hpd8k776a6o0p7m0do.apps.googleusercontent.com",
          "client_type": 1,
          "android_info": {
            "package_name": "com.example.cobt2.finalyearproject",
            "certificate_hash": "5c73c17d3b57fffd615d4a9a11cc8ceb0aaff73a"
          }
        },
        {
          "client_id": "759457148655-6ufd1khstsoualp15t8jomgbagsoq9f5.apps.googleusercontent.com",
          "client_type": 3
        }
      ],
      "api_key": [
        {
          "current_key": "AIzaSyDeQ3GDnBGiGEmuggCrwjIgg78fMs3W9Ag"
        }
      ],
      "services": {
        "appinvite_service": {
          "other_platform_oauth_client": [
            {
              "client_id": "759457148655-6ufd1khstsoualp15t8jomgbagsoq9f5.apps.googleusercontent.com",
              "client_type": 3
            }
          ]
        }
      }
    }
  ],
  "configuration_version": "1"
}